<?xml version="1.0"?>
<!DOCTYPE lettera[
<!ELEMENT lettera (#PCDATA|cliente|ordine|responsabile)*>
  <!ELEMENT cliente (#PCDATA)>
  <!ELEMENT ordine (articolo+)>
  <!ATTLIST ordine
    num CDATA #REQUIRED>
    <!ELEMENT articolo (codice+,descr+)>
      <!ELEMENT codice (#PCDATA)>
      <!ELEMENT descr (#PCDATA)>
  <!ELEMENT responsabile (#PCDATA|tit)*>
    <!ELEMENT tit (#PCDATA)>
]>
<lettera>
  gentile<cliente>tal dei tali</cliente>
  la informiamo che i seguenti articoli da lei ordinati no sono più disponibili a magazzino:
  <ordine num="1234">
    <articolo>
      <codice>1</codice>
      <descr>articolo 1</descr>
    </articolo>
    <articolo>
      <codice>5</codice>
      <descr>articolo 5</descr>
    </articolo>
  </ordine>
  cordiali saluti,
  <responsabile><tit>dr.</tit>Mario Rossi</responsabile>
</lettera>
