<?xml version="1.0"?>
<!DOCTYPE games[
<!ELEMENT games (game*)>
<!ELEMENT game (home-team,ex-team,scores,yellows,reds)>
  <!ELEMENT home-team (#PCDATA)>
  <!ELEMENT ex-team (#PCDATA)>
  <!ELEMENT scores (score*)>
  <!ELEMENT yellows (player*)>
  <!ELEMENT reds (player*)>
    <!ELEMENT score (player*)>
    <!ELEMENT player (#PCDATA)>
<!ATTLIST game score CDATA #REQUIRED>
<!ATTLIST score time CDATA #REQUIRED>
<!ATTLIST score type (field,penalty) #IMPLIED>
]>
<games>
  <game score="1-1">
    <home-team>Spain</home-team>
    <ex-team>Argentina</ex-team>
    <scores>
      <score time="20" type="field">
        <player>Piqué</player>
      </score>
      <score time="80" type="penalty">
        <player>Messi</player>
      </score>
    </scores>
    <yellows>
      <player>Iniesta</player>
      <player>Di Maria</player>
    </yellows>
    <reds>
      <player>Sergio Ramos</player>
    </reds>
  </game>
</games>
